<?xml version='1.0' encoding='utf-8'?>
<!DOCTYPE hibernate-configuration PUBLIC
    "-//Hibernate/Hibernate Configuration DTD//EN"
    "http://www.hibernate.org/dtd/hibernate-configuration-3.0.dtd">
<hibernate-configuration>
  <session-factory>
    <property name="connection.url">jdbc:mysql://localhost:3306/hibernate?serverTimezone=UTC</property>
    <property name="connection.driver_class">com.mysql.jdbc.Driver</property>
      <property name="connection.username">root</property>
      <property name="connection.password">1132</property>
    <property name="hibernate.dialect" >org.hibernate.dialect.MySQLInnoDBDialect</property>
    <property name="hibernate.hbm2ddl.auto">update</property>
      <mapping class="com.example.hibernatefx.Model.JugadorEntity"/>
      <mapping class="com.example.hibernatefx.Model.EquipoEntity"/>
      <!-- <property name="connection.username"/> -->
    <!-- <property name="connection.password"/> -->

    <!-- DB schema will be updated if needed -->
    <!-- <property name="hibernate.hbm2ddl.auto">update</property> -->
  </session-factory>
</hibernate-configuration>